{
  "seed": 42,
  "accuracy": 0.851823708206687,
  "macro_f1": 0.7456952179478814,
  "per_class": {
    "Eosinophil": {
      "precision": 0.2937062937062937,
      "recall": 0.7241379310344828,
      "f1": 0.417910447761194
    },
    "Neutrophil": {
      "precision": 0.7194244604316546,
      "recall": 0.7874015748031497,
      "f1": 0.7518796992481203
    },
    "Lymphocyte": {
      "precision": 0.975609756097561,
      "recall": 0.8310249307479224,
      "f1": 0.8975317875841436
    },
    "Macrophage": {
      "precision": 0.9045346062052506,
      "recall": 0.9266503667481663,
      "f1": 0.9154589371980676
    }
  }
}