{
  "A: Baseline (image only)": {
    "accuracy": 0.7811550151975684,
    "macro_f1": 0.6276764556238451,
    "per_class": {
      "3": {
        "precision": 0.21428571428571427,
        "recall": 0.41379310344827586,
        "f1": 0.2823529411764706,
        "support": 58
      },
      "4": {
        "precision": 0.5488721804511278,
        "recall": 0.5748031496062992,
        "f1": 0.5615384615384615,
        "support": 127
      },
      "5": {
        "precision": 0.9644012944983819,
        "recall": 0.8254847645429363,
        "f1": 0.8895522388059701,
        "support": 722
      },
      "6": {
        "precision": 0.739514348785872,
        "recall": 0.8190709046454768,
        "f1": 0.7772621809744781,
        "support": 409
      }
    },
    "total": 1316
  },
  "B: + Text prototypes": {
    "accuracy": 0.7758358662613982,
    "macro_f1": 0.6317161618226572,
    "per_class": {
      "3": {
        "precision": 0.1893939393939394,
        "recall": 0.43103448275862066,
        "f1": 0.2631578947368421,
        "support": 58
      },
      "4": {
        "precision": 0.5026737967914439,
        "recall": 0.7401574803149606,
        "f1": 0.5987261146496816,
        "support": 127
      },
      "5": {
        "precision": 0.9599358974358975,
        "recall": 0.8296398891966759,
        "f1": 0.8900445765230312,
        "support": 722
      },
      "6": {
        "precision": 0.8123324396782842,
        "recall": 0.7408312958435208,
        "f1": 0.7749360613810742,
        "support": 409
      }
    },
    "total": 1316
  },
  "C: + Morphology constraints": {
    "accuracy": 0.7826747720364742,
    "macro_f1": 0.6249924538422467,
    "per_class": {
      "3": {
        "precision": 0.22857142857142856,
        "recall": 0.41379310344827586,
        "f1": 0.29447852760736193,
        "support": 58
      },
      "4": {
        "precision": 0.5555555555555556,
        "recall": 0.5118110236220472,
        "f1": 0.5327868852459017,
        "support": 127
      },
      "5": {
        "precision": 0.9734660033167496,
        "recall": 0.8130193905817175,
        "f1": 0.8860377358490565,
        "support": 722
      },
      "6": {
        "precision": 0.7209775967413442,
        "recall": 0.8655256723716381,
        "f1": 0.7866666666666667,
        "support": 409
      }
    },
    "total": 1316
  },
  "D: Text + Morphology": {
    "accuracy": 0.7887537993920972,
    "macro_f1": 0.6399867544551663,
    "per_class": {
      "3": {
        "precision": 0.21739130434782608,
        "recall": 0.43103448275862066,
        "f1": 0.28901734104046245,
        "support": 58
      },
      "4": {
        "precision": 0.5029940119760479,
        "recall": 0.6614173228346457,
        "f1": 0.5714285714285714,
        "support": 127
      },
      "5": {
        "precision": 0.9688013136288999,
        "recall": 0.817174515235457,
        "f1": 0.8865514650638618,
        "support": 722
      },
      "6": {
        "precision": 0.7976470588235294,
        "recall": 0.8288508557457213,
        "f1": 0.8129496402877697,
        "support": 409
      }
    },
    "total": 1316
  }
}