{
  "bclip:dual_65_35_7": {
    "acc": 0.8547112462006078,
    "mf1": 0.7111920831376712,
    "per_class": {
      "3": 0.3162300712725409,
      "4": 0.7300162545998509,
      "5": 0.9272339846426654,
      "6": 0.8712880220356272
    }
  },
  "bclip:dual_60_40_5": {
    "acc": 0.8452887537993922,
    "mf1": 0.7053377037396817,
    "per_class": {
      "3": 0.31136550242755423,
      "4": 0.716698363368074,
      "5": 0.9250629350452648,
      "6": 0.8682240141178339
    }
  },
  "bclip:dual_65_35_7_gm": {
    "acc": 0.8547112462006078,
    "mf1": 0.7111920831376712,
    "per_class": {
      "3": 0.3162300712725409,
      "4": 0.7300162545998509,
      "5": 0.9272339846426654,
      "6": 0.8712880220356272
    }
  },
  "bclip:dual_55_45_5_gm": {
    "acc": 0.8431610942249239,
    "mf1": 0.7037035340223164,
    "per_class": {
      "3": 0.31204153735875206,
      "4": 0.7100542730552817,
      "5": 0.923891887403714,
      "6": 0.8688264382715183
    }
  },
  "bclip:dual_50_50_5_gm": {
    "acc": 0.8417933130699087,
    "mf1": 0.7026858574010859,
    "per_class": {
      "3": 0.3114278312008272,
      "4": 0.7080788984108759,
      "5": 0.9243572925990964,
      "6": 0.8668794073935437
    }
  },
  "bclip:tipF_b10a4": {
    "acc": 0.8051671732522795,
    "mf1": 0.6505270655557337,
    "per_class": {
      "3": 0.22508996472326528,
      "4": 0.6935922000210313,
      "5": 0.9057934597549592,
      "6": 0.7776326377236787
    }
  },
  "bclip:tipF_b10a4_100e": {
    "acc": 0.8145896656534954,
    "mf1": 0.6608888603103488,
    "per_class": {
      "3": 0.2327263205503583,
      "4": 0.7113923741889563,
      "5": 0.9079472895998215,
      "6": 0.7914894569022589
    }
  },
  "bclip:tipF_b5a5": {
    "acc": 0.8112462006079028,
    "mf1": 0.6707491021827784,
    "per_class": {
      "3": 0.26383060006351994,
      "4": 0.7240763030355376,
      "5": 0.9066772685830801,
      "6": 0.7884122370489757
    }
  },
  "bclip:tipF_morph_b10": {
    "acc": 0.8113981762917934,
    "mf1": 0.6557218389582609,
    "per_class": {
      "3": 0.21784058506041734,
      "4": 0.7099512645530626,
      "5": 0.9103312525991363,
      "6": 0.7847642536204276
    }
  },
  "bclip:tipF_morph_b10_100e": {
    "acc": 0.8006079027355624,
    "mf1": 0.6489237328444915,
    "per_class": {
      "3": 0.21950816988227842,
      "4": 0.6984904240413463,
      "5": 0.9029836271606898,
      "6": 0.7747127102936515
    }
  },
  "dual_bb:50_20_30_k7": {
    "acc": 0.8583586626139817,
    "mf1": 0.7281629643251514,
    "per_class": {
      "3": 0.3446539661377811,
      "4": 0.7588545048962632,
      "5": 0.9214642326602636,
      "6": 0.8876791536062975
    }
  },
  "dual_bb:40_25_35_k7": {
    "acc": 0.8572948328267478,
    "mf1": 0.7292859987920937,
    "per_class": {
      "3": 0.35034941721912294,
      "4": 0.7559061198859933,
      "5": 0.9190920404411695,
      "6": 0.8917964176220888
    }
  },
  "dual_bb:55_15_30_k5": {
    "acc": 0.8559270516717324,
    "mf1": 0.7260876222693406,
    "per_class": {
      "3": 0.3511137090164108,
      "4": 0.7453913685254246,
      "5": 0.9252847519264632,
      "6": 0.882560659609064
    }
  },
  "dual_bb:45_20_35_k5": {
    "acc": 0.8527355623100303,
    "mf1": 0.7228327548485174,
    "per_class": {
      "3": 0.34408631148892055,
      "4": 0.7409066209782211,
      "5": 0.9220337365214842,
      "6": 0.8843043504054435
    }
  },
  "concat_bb:65_35_k7": {
    "acc": 0.848936170212766,
    "mf1": 0.718878953511448,
    "per_class": {
      "3": 0.33223088818553154,
      "4": 0.7432947779408416,
      "5": 0.9115534300249971,
      "6": 0.8884367178944219
    }
  },
  "concat_bb:60_40_k5": {
    "acc": 0.847112462006079,
    "mf1": 0.7199676033669231,
    "per_class": {
      "3": 0.3368608932693954,
      "4": 0.7451479123185418,
      "5": 0.9150298095886804,
      "6": 0.882831798291075
    }
  },
  "concat_bb:55_45_k5": {
    "acc": 0.8437689969604862,
    "mf1": 0.7160722104588721,
    "per_class": {
      "3": 0.3317082950464183,
      "4": 0.7358260467268101,
      "5": 0.9144471651808098,
      "6": 0.8823073348814503
    }
  }
}