{
  "best_bias": {
    "eos": -0.00800000000000001,
    "mac": 0.0050000000000000044
  }
}