{
  "baseline:db_45_20_35_k7": {
    "acc": 0.8595744680851064,
    "mf1": 0.7313243037350183,
    "per_class": {
      "3": 0.3529546066161086,
      "4": 0.7579972748128583,
      "5": 0.9214182913272797,
      "6": 0.8929270421838265
    }
  },
  "wmorph:s1.0_b0.45_d0.2_m0.35_k7": {
    "acc": 0.8504559270516717,
    "mf1": 0.7213569856403234,
    "per_class": {
      "3": 0.33244162418364115,
      "4": 0.7517638035698602,
      "5": 0.9186524707447307,
      "6": 0.8825700440630613
    }
  },
  "wmorph:s1.0_b0.4_d0.2_m0.4_k7": {
    "acc": 0.8498480243161095,
    "mf1": 0.7210851822499214,
    "per_class": {
      "3": 0.3330847332379935,
      "4": 0.7476304890494374,
      "5": 0.9183341823235864,
      "6": 0.8852913243886681
    }
  },
  "wmorph:s1.0_b0.4_d0.25_m0.35_k7": {
    "acc": 0.8501519756838907,
    "mf1": 0.72296214949533,
    "per_class": {
      "3": 0.33906686279253084,
      "4": 0.7524302504948663,
      "5": 0.9163553066715648,
      "6": 0.8839961780223586
    }
  },
  "wmorph:s1.0_b0.35_d0.2_m0.45_k7": {
    "acc": 0.8445288753799393,
    "mf1": 0.7154513022397533,
    "per_class": {
      "3": 0.327382151255335,
      "4": 0.7347191690504997,
      "5": 0.9156237501720899,
      "6": 0.884080138481089
    }
  },
  "wmorph:s2.0_b0.45_d0.2_m0.35_k7": {
    "acc": 0.8458966565349545,
    "mf1": 0.7183130569671266,
    "per_class": {
      "3": 0.3281099964946348,
      "4": 0.7507473071318944,
      "5": 0.9161619057946865,
      "6": 0.8782330184472904
    }
  },
  "wmorph:s2.0_b0.4_d0.2_m0.4_k7": {
    "acc": 0.8424012158054712,
    "mf1": 0.7145953180927219,
    "per_class": {
      "3": 0.32296012194471546,
      "4": 0.743109341725577,
      "5": 0.9149489404091813,
      "6": 0.8773628682914136
    }
  },
  "wmorph:s2.0_b0.4_d0.25_m0.35_k7": {
    "acc": 0.8437689969604865,
    "mf1": 0.7168808534450096,
    "per_class": {
      "3": 0.3281354261678905,
      "4": 0.746656341013066,
      "5": 0.9130790115572134,
      "6": 0.8796526350418686
    }
  },
  "wmorph:s2.0_b0.35_d0.2_m0.45_k7": {
    "acc": 0.8375379939209727,
    "mf1": 0.7098505500678267,
    "per_class": {
      "3": 0.31540442512294203,
      "4": 0.7339526575211692,
      "5": 0.9134964526702511,
      "6": 0.8765486649569443
    }
  },
  "wmorph:s3.0_b0.45_d0.2_m0.35_k7": {
    "acc": 0.8433130699088146,
    "mf1": 0.7172881266504181,
    "per_class": {
      "3": 0.3246153792074953,
      "4": 0.755849432389186,
      "5": 0.9148710954783533,
      "6": 0.8738165995266375
    }
  },
  "wmorph:s3.0_b0.4_d0.2_m0.4_k7": {
    "acc": 0.8373860182370821,
    "mf1": 0.710271250615476,
    "per_class": {
      "3": 0.3111428466587808,
      "4": 0.7472842964703259,
      "5": 0.913085894787485,
      "6": 0.8695719645453119
    }
  },
  "wmorph:s3.0_b0.4_d0.25_m0.35_k7": {
    "acc": 0.8404255319148936,
    "mf1": 0.7136725329098944,
    "per_class": {
      "3": 0.31868069010939193,
      "4": 0.7496341028254235,
      "5": 0.9123837567998263,
      "6": 0.8739915819049356
    }
  },
  "wmorph:s3.0_b0.35_d0.2_m0.45_k7": {
    "acc": 0.8308510638297874,
    "mf1": 0.7043289582829833,
    "per_class": {
      "3": 0.30220795187951244,
      "4": 0.7373127925730398,
      "5": 0.9104990516269005,
      "6": 0.8672960370524805
    }
  },
  "wmorph:s5.0_b0.45_d0.2_m0.35_k7": {
    "acc": 0.8407294832826748,
    "mf1": 0.7147856198916946,
    "per_class": {
      "3": 0.31730842892304917,
      "4": 0.7579022224367004,
      "5": 0.9138119524390454,
      "6": 0.8701198757679837
    }
  },
  "wmorph:s5.0_b0.4_d0.2_m0.4_k7": {
    "acc": 0.8355623100303952,
    "mf1": 0.7101351638616006,
    "per_class": {
      "3": 0.3084075334494663,
      "4": 0.754178975005962,
      "5": 0.9115282531080362,
      "6": 0.8664258938829379
    }
  },
  "wmorph:s5.0_b0.4_d0.25_m0.35_k7": {
    "acc": 0.8375379939209726,
    "mf1": 0.7115117637463222,
    "per_class": {
      "3": 0.3163147896285651,
      "4": 0.7499786854290276,
      "5": 0.9107016538121965,
      "6": 0.8690519261154994
    }
  },
  "wmorph:s5.0_b0.35_d0.2_m0.45_k7": {
    "acc": 0.8296352583586625,
    "mf1": 0.7057424151638815,
    "per_class": {
      "3": 0.3049383704006201,
      "4": 0.7452362091447058,
      "5": 0.9089974979934586,
      "6": 0.8637975831167413
    }
  },
  "sqrt_w:b0.45_d0.2_m0.35_k7": {
    "acc": 0.8559270516717324,
    "mf1": 0.7287241259221945,
    "per_class": {
      "3": 0.3495818243474285,
      "4": 0.7602010539311781,
      "5": 0.9198986923303517,
      "6": 0.8852149330798198
    }
  },
  "sqrt_w:b0.4_d0.2_m0.4_k7": {
    "acc": 0.8566869300911855,
    "mf1": 0.7291629879236929,
    "per_class": {
      "3": 0.3488255498514739,
      "4": 0.7569786883655718,
      "5": 0.9206276369833596,
      "6": 0.8902200764943669
    }
  },
  "acascade:base_thr0.008": {
    "acc": 0.860790273556231,
    "mf1": 0.7355870235249172,
    "per_class": {
      "3": 0.3846545170514114,
      "4": 0.7433482435371517,
      "5": 0.9214182913272797,
      "6": 0.8929270421838265
    }
  },
  "acascade:sqrt_thr0.008": {
    "acc": 0.860790273556231,
    "mf1": 0.7355511248825236,
    "per_class": {
      "3": 0.3787093627313527,
      "4": 0.7491498032876351,
      "5": 0.9214182913272797,
      "6": 0.8929270421838265
    }
  },
  "acascade:uniform_thr0.008": {
    "acc": 0.8592705167173251,
    "mf1": 0.7289666808507423,
    "per_class": {
      "3": 0.3661165171913351,
      "4": 0.7354048727005285,
      "5": 0.9214182913272797,
      "6": 0.8929270421838265
    }
  },
  "acascade:base_thr0.01": {
    "acc": 0.8606382978723405,
    "mf1": 0.7355165220634591,
    "per_class": {
      "3": 0.3859894267094212,
      "4": 0.7417313280333091,
      "5": 0.9214182913272797,
      "6": 0.8929270421838265
    }
  },
  "acascade:sqrt_thr0.01": {
    "acc": 0.8606382978723405,
    "mf1": 0.7354070411794869,
    "per_class": {
      "3": 0.37829664953834474,
      "4": 0.7489861816684964,
      "5": 0.9214182913272797,
      "6": 0.8929270421838265
    }
  },
  "acascade:uniform_thr0.01": {
    "acc": 0.8589665653495441,
    "mf1": 0.7280487204465429,
    "per_class": {
      "3": 0.364273017217067,
      "4": 0.7335765310579985,
      "5": 0.9214182913272797,
      "6": 0.8929270421838265
    }
  },
  "acascade:base_thr0.012": {
    "acc": 0.8603343465045594,
    "mf1": 0.7346342295902933,
    "per_class": {
      "3": 0.38462528770274074,
      "4": 0.7395662971473265,
      "5": 0.9214182913272797,
      "6": 0.8929270421838265
    }
  },
  "acascade:sqrt_thr0.012": {
    "acc": 0.8604863221884498,
    "mf1": 0.7349390775428767,
    "per_class": {
      "3": 0.37656557603570684,
      "4": 0.7488454006246942,
      "5": 0.9214182913272797,
      "6": 0.8929270421838265
    }
  },
  "acascade:uniform_thr0.012": {
    "acc": 0.8588145896656535,
    "mf1": 0.7275113381160645,
    "per_class": {
      "3": 0.363306937354465,
      "4": 0.7323930815986869,
      "5": 0.9214182913272797,
      "6": 0.8929270421838265
    }
  },
  "acascade:base_thr0.015": {
    "acc": 0.8603343465045594,
    "mf1": 0.7345455919834075,
    "per_class": {
      "3": 0.3848766178810782,
      "4": 0.7389604165414458,
      "5": 0.9214182913272797,
      "6": 0.8929270421838265
    }
  },
  "acascade:sqrt_thr0.015": {
    "acc": 0.8604863221884498,
    "mf1": 0.7348361886269383,
    "per_class": {
      "3": 0.3768094420586998,
      "4": 0.748189978937947,
      "5": 0.9214182913272797,
      "6": 0.8929270421838265
    }
  },
  "acascade:uniform_thr0.015": {
    "acc": 0.8588145896656535,
    "mf1": 0.7274275058379664,
    "per_class": {
      "3": 0.3635565574977253,
      "4": 0.7318081323430348,
      "5": 0.9214182913272797,
      "6": 0.8929270421838265
    }
  },
  "acascade:base_thr0.02": {
    "acc": 0.8601823708206687,
    "mf1": 0.7340933433364872,
    "per_class": {
      "3": 0.3840910719266398,
      "4": 0.7379369679082033,
      "5": 0.9214182913272797,
      "6": 0.8929270421838265
    }
  },