{
  "bclip:65%v_35%m_k7": {
    "acc": 0.8547112462006078,
    "mf1": 0.7111920831376712,
    "per_class": {
      "3": 0.3162300712725409,
      "4": 0.7300162545998509,
      "5": 0.9272339846426654,
      "6": 0.8712880220356272
    }
  },
  "bclip:60%v_40%m_k5": {
    "acc": 0.8452887537993922,
    "mf1": 0.7053377037396817,
    "per_class": {
      "3": 0.31136550242755423,
      "4": 0.716698363368074,
      "5": 0.9250629350452648,
      "6": 0.8682240141178339
    }
  },
  "db:0.3b_0.2d_0.5m_k5": {
    "acc": 0.8439209726443769,
    "mf1": 0.7131540144405125,
    "per_class": {
      "3": 0.32267310229505286,
      "4": 0.7298417083054823,
      "5": 0.9180152375185016,
      "6": 0.8820860096430128
    }
  },
  "db:0.3b_0.2d_0.5m_k7": {
    "acc": 0.8518237082066868,
    "mf1": 0.7188532685946288,
    "per_class": {
      "3": 0.32825944532698254,
      "4": 0.7328037116614607,
      "5": 0.9179989296491156,
      "6": 0.8963509877409568
    }
  },
  "db:0.3b_0.2d_0.5m_k9": {
    "acc": 0.8516717325227964,
    "mf1": 0.7204319142468485,
    "per_class": {
      "3": 0.3314405898736334,
      "4": 0.7402178888601622,
      "5": 0.9168194205230316,
      "6": 0.8932497577305668
    }
  },
  "db:0.3b_0.25d_0.45m_k5": {
    "acc": 0.8468085106382979,
    "mf1": 0.7183495610051167,
    "per_class": {
      "3": 0.3308459677843766,
      "4": 0.7396431177850238,
      "5": 0.9168240899480326,
      "6": 0.8860850685030337
    }
  },
  "db:0.3b_0.25d_0.45m_k7": {
    "acc": 0.8527355623100303,
    "mf1": 0.7226022859565331,
    "per_class": {
      "3": 0.33992885612245743,
      "4": 0.7387538155225519,
      "5": 0.9158578652686831,
      "6": 0.8958686069124404
    }
  },
  "db:0.3b_0.25d_0.45m_k9": {
    "acc": 0.8469604863221886,
    "mf1": 0.7175638037937935,
    "per_class": {
      "3": 0.3319344926669656,
      "4": 0.7396373251217828,
      "5": 0.9118608772028332,
      "6": 0.8868225201835924
    }
  },
  "db:0.3b_0.3d_0.4m_k5": {
    "acc": 0.847112462006079,
    "mf1": 0.7199676033669231,
    "per_class": {
      "3": 0.3368608932693954,
      "4": 0.7451479123185418,
      "5": 0.9150298095886804,
      "6": 0.882831798291075
    }
  },
  "db:0.3b_0.3d_0.4m_k7": {
    "acc": 0.85,
    "mf1": 0.7201574657131581,
    "per_class": {
      "3": 0.3358974307142894,
      "4": 0.7401098826583521,
      "5": 0.9132444475179792,
      "6": 0.8913781019620114
    }
  },
  "db:0.3b_0.3d_0.4m_k9": {
    "acc": 0.8401215805471125,
    "mf1": 0.712304783323398,
    "per_class": {
      "3": 0.32452256406201935,
      "4": 0.7380531469118425,
      "5": 0.9053099762147154,
      "6": 0.8813334461050145
    }
  },
  "db:0.35b_0.15d_0.5m_k5": {
    "acc": 0.8445288753799393,
    "mf1": 0.7122570969545649,
    "per_class": {
      "3": 0.3224973363315621,
      "4": 0.7255234521526035,
      "5": 0.9188213091417021,
      "6": 0.8821862901923916
    }
  },
  "db:0.35b_0.15d_0.5m_k7": {
    "acc": 0.854711246200608,
    "mf1": 0.720012716936331,
    "per_class": {
      "3": 0.32837623427534285,
      "4": 0.7344314647866177,
      "5": 0.9235397785399411,
      "6": 0.8937033901434221
    }
  },
  "db:0.35b_0.15d_0.5m_k9": {
    "acc": 0.8560790273556231,
    "mf1": 0.7214478580445698,
    "per_class": {
      "3": 0.328403977921066,
      "4": 0.7420446203667943,
      "5": 0.9211907027669671,
      "6": 0.8941521311234517
    }
  },
  "db:0.35b_0.2d_0.45m_k5": {
    "acc": 0.8472644376899696,
    "mf1": 0.71542404949077,
    "per_class": {
      "3": 0.32597981769018036,
      "4": 0.7324861177844062,
      "5": 0.9198478490100511,
      "6": 0.8833824134784425
    }
  },
  "db:0.35b_0.2d_0.45m_k7": {
    "acc": 0.8556231003039514,
    "mf1": 0.7238428393486347,
    "per_class": {
      "3": 0.3395636390153119,
      "4": 0.7388845459462576,
      "5": 0.9199483693039017,
      "6": 0.8969748031290676
    }
  },
  "db:0.35b_0.2d_0.45m_k9": {
    "acc": 0.8542553191489363,
    "mf1": 0.7228815496353921,
    "per_class": {
      "3": 0.3331197583119736,
      "4": 0.7487893059822321,
      "5": 0.9184407579960447,
      "6": 0.8911763762513178
    }
  },
  "db:0.35b_0.25d_0.4m_k5": {
    "acc": 0.8492401215805471,
    "mf1": 0.7196330407815911,
    "per_class": {
      "3": 0.3321527196909811,
      "4": 0.7431389721939621,
      "5": 0.9185400756328234,
      "6": 0.8847003956085973
    }
  },
  "db:0.35b_0.25d_0.4m_k7": {
    "acc": 0.8550151975683891,
    "mf1": 0.7252135931381997,
    "per_class": {
      "3": 0.34119045572578244,
      "4": 0.747917265603922,
      "5": 0.9184072163546823,
      "6": 0.8933394348684122
    }
  },
  "db:0.35b_0.25d_0.4m_k9": {
    "acc": 0.8506079027355623,
    "mf1": 0.7227311698744701,
    "per_class": {
      "3": 0.34219542531396935,
      "4": 0.7483019155165553,
      "5": 0.9139289834645885,
      "6": 0.886498355202767
    }
  },
  "db:0.35b_0.3d_0.35m_k5": {
    "acc": 0.8487841945288753,
    "mf1": 0.7205294810518732,
    "per_class": {
      "3": 0.333793193664423,
      "4": 0.7503574713187339,
      "5": 0.9160101088936052,
      "6": 0.8819571503307302
    }
  },
  "db:0.35b_0.3d_0.35m_k7": {
    "acc": 0.8527355623100303,
    "mf1": 0.7243334462585648,
    "per_class": {
      "3": 0.3441510945688358,
      "4": 0.7485861370394717,
      "5": 0.9147955228576828,
      "6": 0.8898010305682689
    }
  },
  "db:0.35b_0.3d_0.35m_k9": {
    "acc": 0.8427051671732523,
    "mf1": 0.71623008824692,
    "per_class": {
      "3": 0.3325146238003817,
      "4": 0.7473026321912307,
      "5": 0.9067591282241741,
      "6": 0.8783439687718932
    }
  },
  "db:0.4b_0.15d_0.45m_k5": {
    "acc": 0.8486322188449847,
    "mf1": 0.7172104086867341,
    "per_class": {
      "3": 0.3312957273475735,
      "4": 0.7332675385629319,
      "5": 0.921567043678112,
      "6": 0.8827113251583194
    }
  },
  "db:0.4b_0.15d_0.45m_k7": {
    "acc": 0.8574468085106384,
    "mf1": 0.7239754146762065,
    "per_class": {
      "3": 0.33857754219280933,
      "4": 0.739749808459603,
      "5": 0.9240363723513907,
      "6": 0.8935379357010234
    }
  },
  "db:0.4b_0.15d_0.45m_k9": {
    "acc": 0.8572948328267476,
    "mf1": 0.7231632945071558,
    "per_class": {
      "3": 0.3318264526286491,
      "4": 0.746937155291553,
      "5": 0.9222681345540243,
      "6": 0.8916214355543968
    }
  },
  "db:0.4b_0.2d_0.4m_k5": {
    "acc": 0.85,
    "mf1": 0.719772709556715,
    "per_class": {
      "3": 0.3365656155429494,
      "4": 0.7379870038407248,
      "5": 0.9206752147037601,
      "6": 0.8838630041394261
    }
  },
  "db:0.4b_0.2d_0.4m_k7": {
    "acc": 0.8594224924012158,
    "mf1": 0.729439692220688,
    "per_class": {
      "3": 0.3496586133824692,
      "4": 0.7519949480802871,
      "5": 0.922793440337264,
      "6": 0.8933117670827316
    }
  },
  "db:0.4b_0.2d_0.4m_k9": {
    "acc": 0.8544072948328267,
    "mf1": 0.724305496074524,
    "per_class": {
      "3": 0.33939261537033943,
      "4": 0.7518147252980468,
      "5": 0.917938937520625,
      "6": 0.8880757061090849
    }
  },
  "db:0.4b_0.25d_0.35m_k5": {
    "acc": 0.8498480243161094,
    "mf1": 0.7203414273276205,
    "per_class": {
      "3": 0.33575569122848103,
      "4": 0.7448152911572994,
      "5": 0.9189415276692081,
      "6": 0.8818531992554941
    }
  },
  "db:0.4b_0.25d_0.35m_k7": {
    "acc": 0.8572948328267478,
    "mf1": 0.7292859987920937,
    "per_class": {
      "3": 0.35034941721912294,
      "4": 0.7559061198859933,
      "5": 0.9190920404411695,
      "6": 0.8917964176220888
    }
  },
  "db:0.4b_0.25d_0.35m_k9": {
    "acc": 0.85,
    "mf1": 0.7233431243565842,
    "per_class": {
      "3": 0.346721486746485,
      "4": 0.7512155803846395,
      "5": 0.913067658710356,
      "6": 0.8823677715848565
    }
  },
  "db:0.4b_0.3d_0.3m_k5": {
    "acc": 0.851063829787234,
    "mf1": 0.7206903958418136,
    "per_class": {
      "3": 0.3269948295732268,
      "4": 0.7554082419830745,
      "5": 0.9167956199413876,