{
  "best_k": 6,
  "best_class_weights": {
    "3": 2.0,
    "4": 1.0,
    "5": 1.0,
    "6": 1.0
  },
  "best_f1": 0.860837814660182,
  "final_metrics": {
    "acc": 0.9270516717325228,
    "mf1": 0.860837814660182,
    "pc": {
      "3": {
        "p": 0.6231884057971014,
        "r": 0.7413793103448276,
        "f1": 0.6771653543307088,
        "n": 58
      },
      "4": {
        "p": 0.9083333333333333,
        "r": 0.8582677165354331,
        "f1": 0.8825910931174088,
        "n": 127
      },
      "5": {
        "p": 0.9596100278551533,
        "r": 0.9542936288088643,
        "f1": 0.9569444444444445,
        "n": 722
      },
      "6": {
        "p": 0.9266503667481663,
        "r": 0.9266503667481663,
        "f1": 0.9266503667481663,
        "n": 409
      }
    },
    "total": 1316
  }
}