{
  "dinov2_b:proto": {
    "acc": 0.7214285714285715,
    "mf1": 0.5980998435505637,
    "acc_std": 0.03977177805078224,
    "mf1_std": 0.027888468999488814,
    "per_class": {
      "3": 0.20939666922001168,
      "4": 0.5794752856435677,
      "5": 0.8215753488948371,
      "6": 0.7819520704438384
    }
  },
  "dinov2_b:knn5": {
    "acc": 0.7088145896656535,
    "mf1": 0.5672187939641701,
    "acc_std": 0.025103144547058937,
    "mf1_std": 0.029245878090306744,
    "per_class": {
      "3": 0.17337393508045212,
      "4": 0.5265464775713692,
      "5": 0.8096562743753013,
      "6": 0.7592984888295576
    }
  },
  "dinov2_b:knn7": {
    "acc": 0.7074468085106382,
    "mf1": 0.558820567744905,
    "acc_std": 0.02934744504623166,
    "mf1_std": 0.03424687454457367,
    "per_class": {
      "3": 0.1817123965560882,
      "4": 0.48435860986691576,
      "5": 0.8061334029185666,
      "6": 0.7630778616380487
    }
  },
  "dinov2_b:tip_b5a5": {
    "acc": 0.7262917933130699,
    "mf1": 0.5591875044536783,
    "acc_std": 0.04958554588406994,
    "mf1_std": 0.04712406142510356,
    "per_class": {
      "3": 0.17127460216802376,
      "4": 0.47458014585264363,
      "5": 0.812286970973964,
      "6": 0.7786082988200824
    }
  },
  "dinov2_b:tip_b10a5": {
    "acc": 0.73419452887538,
    "mf1": 0.584760187757366,
    "acc_std": 0.038738598842623685,
    "mf1_std": 0.04312477945331718,
    "per_class": {
      "3": 0.19771622491787383,
      "4": 0.5357425220209172,
      "5": 0.8208845648628064,
      "6": 0.7846974392278669
    }
  },
  "dinov2_b:tip_b20a5": {
    "acc": 0.7300911854103344,
    "mf1": 0.5992041796802112,
    "acc_std": 0.028242136564574888,
    "mf1_std": 0.027793623219771153,
    "per_class": {
      "3": 0.2025058514162743,
      "4": 0.5895987712230808,
      "5": 0.8276982065649742,
      "6": 0.7770138895165161
    }
  },
  "dinov2_b:tip_b10a3": {
    "acc": 0.7284194528875381,
    "mf1": 0.5780610953144035,
    "acc_std": 0.04090546294759364,
    "mf1_std": 0.04603491837116768,
    "per_class": {
      "3": 0.19294733931213076,
      "4": 0.523741675620195,
      "5": 0.815659202724419,
      "6": 0.7798961636008688
    }
  },
  "dinov2_b:tip_b5a3": {
    "acc": 0.7217325227963526,
    "mf1": 0.5509325039653727,
    "acc_std": 0.05032529689730635,
    "mf1_std": 0.0495556786802705,
    "per_class": {
      "3": 0.1601343223724852,
      "4": 0.4593087327568597,
      "5": 0.8080207096813569,
      "6": 0.7762662510507896
    }
  },
  "dinov2_b:dual_65_35_7": {
    "acc": 0.7642857142857142,
    "mf1": 0.6109393802689549,
    "acc_std": 0.04919272363217218,
    "mf1_std": 0.06989971450345647,
    "per_class": {
      "3": 0.23217236501031313,
      "4": 0.5631026067778578,
      "5": 0.8418693727735285,
      "6": 0.8066131765141199
    }
  },
  "dinov2_b:dual_60_40_5": {
    "acc": 0.782370820668693,
    "mf1": 0.6420759859765456,
    "acc_std": 0.03996584863369808,
    "mf1_std": 0.05460869314515104,
    "per_class": {
      "3": 0.2476727311477951,
      "4": 0.6420366048089591,
      "5": 0.8567463427252638,
      "6": 0.821848265224164
    }
  },
  "dinov2_b:dual_55_45_5": {
    "acc": 0.7899696048632219,
    "mf1": 0.6532239398486448,
    "acc_std": 0.04039981356191662,
    "mf1_std": 0.05317567081266086,
    "per_class": {
      "3": 0.26832620441866,
      "4": 0.6554592086857335,
      "5": 0.8601197180197504,
      "6": 0.8289906282704351
    }
  },
  "dinov2_b:dual_70_30_7": {
    "acc": 0.7572948328267477,
    "mf1": 0.6022019749758037,
    "acc_std": 0.049555726154844854,
    "mf1_std": 0.06829626369497545,
    "per_class": {
      "3": 0.2316614331370029,
      "4": 0.5397136312306591,
      "5": 0.8366826781416083,
      "6": 0.8007501573939443
    }
  },
  "dinov2_b:dual_50_50_5": {
    "acc": 0.7945288753799392,
    "mf1": 0.6613711109908744,
    "acc_std": 0.04002648304304801,
    "mf1_std": 0.05508968021378612,
    "per_class": {
      "3": 0.2781295768173309,
      "4": 0.6684266131693627,
      "5": 0.8629333602046462,
      "6": 0.8359948937721582
    }
  },
  "dinov2_b:dual_80_20_7": {
    "acc": 0.7436170212765958,
    "mf1": 0.5859326052303631,
    "acc_std": 0.04730717679840417,
    "mf1_std": 0.0628759328526271,
    "per_class": {
      "3": 0.22206305164035092,
      "4": 0.5046163005352706,
      "5": 0.8248644092221961,
      "6": 0.7921866595236349
    }
  },
  "dinov2_b:tip_dual_b10": {
    "acc": 0.7547112462006079,
    "mf1": 0.6079890851882488,
    "acc_std": 0.04500738774199789,
    "mf1_std": 0.05310842022669979,
    "per_class": {
      "3": 0.2250726630959285,
      "4": 0.5708092577482476,
      "5": 0.8372962988593275,
      "6": 0.7987781210494915
    }
  },
  "dinov2_b:tip_dual_b5": {
    "acc": 0.7338905775075988,
    "mf1": 0.5683771563577966,
    "acc_std": 0.05009299285551908,
    "mf1_std": 0.051508232789412196,
    "per_class": {
      "3": 0.18550788354267495,
      "4": 0.486739434935844,
      "5": 0.8188444416254935,
      "6": 0.7824168653271746
    }
  },
  "dinov2_b:tip_dual_b20": {
    "acc": 0.7788753799392097,
    "mf1": 0.6535904252971314,
    "acc_std": 0.03201605042731078,
    "mf1_std": 0.03510638107102996,
    "per_class": {
      "3": 0.25537010045931524,
      "4": 0.6778645860557291,
      "5": 0.8600430629586793,
      "6": 0.8210839517148021
    }
  }
}