{
  "dinov2_s:proto": {
    "acc": 0.7115501519756838,
    "mf1": 0.6071063110084144,
    "acc_std": 0.018285144368018248,
    "mf1_std": 0.01703262830646974,
    "per_class": {
      "3": 0.19217473835652385,
      "4": 0.6507727513747167,
      "5": 0.817191529437997,
      "6": 0.7682862248644202
    }
  },
  "dinov2_s:knn5": {
    "acc": 0.7074468085106382,
    "mf1": 0.5812635828164069,
    "acc_std": 0.03605701169159404,
    "mf1_std": 0.0272694399815501,
    "per_class": {
      "3": 0.17987278211304125,
      "4": 0.5866906750965712,
      "5": 0.8109272727921274,
      "6": 0.7475636012638873
    }
  },
  "dinov2_s:knn7": {
    "acc": 0.7057750759878418,
    "mf1": 0.5793809840451105,
    "acc_std": 0.026833070513681966,
    "mf1_std": 0.026549099620997774,
    "per_class": {
      "3": 0.17862336795058292,
      "4": 0.580958759296762,
      "5": 0.8042172427817074,
      "6": 0.75372456615139
    }
  },
  "dinov2_s:tip_b5a5": {
    "acc": 0.7072948328267478,
    "mf1": 0.5762374627312655,
    "acc_std": 0.06332737574895007,
    "mf1_std": 0.03236763900770435,
    "per_class": {
      "3": 0.17209784201026535,
      "4": 0.55348347706998,
      "5": 0.793408243042237,
      "6": 0.7859602888025797
    }
  },
  "dinov2_s:tip_b10a5": {
    "acc": 0.7264437689969604,
    "mf1": 0.598211062661186,
    "acc_std": 0.036704566111800445,
    "mf1_std": 0.025074112286374704,
    "per_class": {
      "3": 0.19585230881163102,
      "4": 0.5950083934220924,
      "5": 0.8159360301632761,
      "6": 0.7860475182477443
    }
  },
  "dinov2_s:tip_b20a5": {
    "acc": 0.7305471124620061,
    "mf1": 0.6099397102792381,
    "acc_std": 0.023156227300596865,
    "mf1_std": 0.018777352295146793,
    "per_class": {
      "3": 0.19805892675296838,
      "4": 0.6426535062156746,
      "5": 0.8268850240010192,
      "6": 0.7721613841472901
    }
  },
  "dinov2_s:tip_b10a3": {
    "acc": 0.7247720364741641,
    "mf1": 0.5974100313720351,
    "acc_std": 0.038155885782030365,
    "mf1_std": 0.024738493872489664,
    "per_class": {
      "3": 0.19935001183304274,
      "4": 0.5934158571798945,
      "5": 0.8137632925825342,
      "6": 0.7831109638926691
    }
  },
  "dinov2_s:tip_b5a3": {
    "acc": 0.7062310030395137,
    "mf1": 0.5750532673744813,
    "acc_std": 0.06431032029610932,
    "mf1_std": 0.03438888882755278,
    "per_class": {
      "3": 0.16741827061915424,
      "4": 0.5558048872802971,
      "5": 0.7905244891198878,
      "6": 0.7864654224785856
    }
  },
  "dinov2_s:dual_65_35_7": {
    "acc": 0.7854103343465045,
    "mf1": 0.6502749679423904,
    "acc_std": 0.030969497321109464,
    "mf1_std": 0.04124328217264895,
    "per_class": {
      "3": 0.23003280181569224,
      "4": 0.6638549171119147,
      "5": 0.8514845695389933,
      "6": 0.8557275833029611
    }
  },
  "dinov2_s:dual_60_40_5": {
    "acc": 0.7963525835866261,
    "mf1": 0.6651309632249092,
    "acc_std": 0.016661969694426446,
    "mf1_std": 0.03403692082436694,
    "per_class": {
      "3": 0.2489589240935203,
      "4": 0.6860974912292696,
      "5": 0.8631736034434943,
      "6": 0.8622938341333526
    }
  },
  "dinov2_s:dual_55_45_5": {
    "acc": 0.7983282674772036,
    "mf1": 0.667485832882607,
    "acc_std": 0.0151259711668921,
    "mf1_std": 0.030599990447744755,
    "per_class": {
      "3": 0.25027651828712705,
      "4": 0.6883925167267944,
      "5": 0.8654691739471957,
      "6": 0.8658051225693109
    }
  },
  "dinov2_s:dual_70_30_7": {
    "acc": 0.7761398176291793,
    "mf1": 0.6413960567026356,
    "acc_std": 0.03500920773658078,
    "mf1_std": 0.0427398837998965,
    "per_class": {
      "3": 0.22529088102675027,
      "4": 0.648222547345128,
      "5": 0.8431528004596865,
      "6": 0.8489179979789772
    }
  },
  "dinov2_s:dual_50_50_5": {
    "acc": 0.8015197568389058,
    "mf1": 0.6731869774180932,
    "acc_std": 0.013085803581537539,
    "mf1_std": 0.027169126488825742,
    "per_class": {
      "3": 0.26161171469491773,
      "4": 0.6930212677694445,
      "5": 0.8688189757685274,
      "6": 0.8692959514394832
    }
  },
  "dinov2_s:dual_80_20_7": {
    "acc": 0.7612462006079027,
    "mf1": 0.6237722478008525,
    "acc_std": 0.03546410465432272,
    "mf1_std": 0.0474132181387446,
    "per_class": {
      "3": 0.20088662166326388,
      "4": 0.6267130433609955,
      "5": 0.8316142502894669,
      "6": 0.8358750758896836
    }
  },
  "dinov2_s:tip_dual_b10": {
    "acc": 0.74209726443769,
    "mf1": 0.6142818765912267,
    "acc_std": 0.03352640077564886,
    "mf1_std": 0.02429669791625443,
    "per_class": {
      "3": 0.2085817388697994,
      "4": 0.617770342603995,
      "5": 0.8270547187881728,
      "6": 0.8037207061029397
    }
  },
  "dinov2_s:tip_dual_b5": {
    "acc": 0.7177811550151976,
    "mf1": 0.5860553546429045,
    "acc_std": 0.06564329257657048,
    "mf1_std": 0.03930138314304274,
    "per_class": {
      "3": 0.17812758315970523,
      "4": 0.5680968593390381,
      "5": 0.8007099368371741,
      "6": 0.7972870392357008
    }
  },
  "dinov2_s:tip_dual_b20": {
    "acc": 0.7729483282674773,
    "mf1": 0.6524119858702002,
    "acc_std": 0.015086218217298929,
    "mf1_std": 0.020339126935806744,
    "per_class": {
      "3": 0.24196138620730728,
      "4": 0.6879737243400708,
      "5": 0.8584491275654609,
      "6": 0.8212637053679621
    }
  }
}