{
  "morph_only k=3": {
    "acc": 0.7325227963525837,
    "mf1": 0.6010309055845207,
    "eos": 0.22081465334182723
  },
  "morph_only k=5": {
    "acc": 0.7504559270516717,
    "mf1": 0.6144902918100461,
    "eos": 0.228402808060335
  },
  "dual v=0.5 m=0.5 k=3": {
    "acc": 0.8196048632218844,
    "mf1": 0.6814934323189435,
    "eos": 0.2789153918499542
  },
  "dual v=0.5 m=0.5 k=5": {
    "acc": 0.8417933130699087,
    "mf1": 0.7031155975851956,
    "eos": 0.30933128978409014
  },
  "dual v=0.6 m=0.4 k=3": {
    "acc": 0.8291793313069908,
    "mf1": 0.6885901457682726,
    "eos": 0.2849699831434353
  },
  "dual v=0.6 m=0.4 k=5": {
    "acc": 0.846048632218845,
    "mf1": 0.7052763839122398,
    "eos": 0.30496014930379056
  },
  "dual v=0.7 m=0.3 k=3": {
    "acc": 0.8316109422492401,
    "mf1": 0.6871145227084188,
    "eos": 0.27847269914510997
  },
  "dual v=0.7 m=0.3 k=5": {
    "acc": 0.846048632218845,
    "mf1": 0.7046606976114076,
    "eos": 0.3100934415249603
  },
  "dual v=0.8 m=0.2 k=3": {
    "acc": 0.8322188449848025,
    "mf1": 0.6857689987389817,
    "eos": 0.28289597587669296
  },
  "dual v=0.8 m=0.2 k=5": {
    "acc": 0.8425531914893616,
    "mf1": 0.6961110166177138,
    "eos": 0.2937113217420736
  },
  "dual v=0.9 m=0.1 k=3": {
    "acc": 0.8250759878419451,
    "mf1": 0.6782638793511826,
    "eos": 0.27963891400423907
  },
  "dual v=0.9 m=0.1 k=5": {
    "acc": 0.83419452887538,
    "mf1": 0.6865491128175358,
    "eos": 0.2822520280586223
  },
  "adaptive_fusion k=3": {
    "acc": 0.8332826747720364,
    "mf1": 0.6951728893322519,
    "eos": 0.3035705999106148
  },
  "adaptive_fusion k=5": {
    "acc": 0.8468085106382979,
    "mf1": 0.7049540933926007,
    "eos": 0.3042253354013849
  },
  "class_specific k=3": {
    "acc": 0.8027355623100305,
    "mf1": 0.4261726087896447,
    "eos": 0.0
  },
  "class_specific k=5": {
    "acc": 0.7995440729483283,
    "mf1": 0.4244583256072298,
    "eos": 0.0
  },
  "cascade thr=0.005": {
    "acc": 0.8363221884498481,
    "mf1": 0.6902682541989655,
    "eos": 0.2881185005490749
  },
  "cascade thr=0.010": {
    "acc": 0.8440729483282675,
    "mf1": 0.7002566753701648,
    "eos": 0.2913508585196196
  },
  "cascade thr=0.015": {
    "acc": 0.8379939209726445,
    "mf1": 0.6909051486890073,
    "eos": 0.27776595112676494
  },
  "cascade thr=0.020": {
    "acc": 0.8328267477203648,
    "mf1": 0.6851953156027878,
    "eos": 0.2699762451708722
  },
  "cascade thr=0.030": {
    "acc": 0.8150455927051672,
    "mf1": 0.6695333950148553,
    "eos": 0.2508567855795375
  },
  "cascade thr=0.050": {
    "acc": 0.7919452887537994,
    "mf1": 0.6514126565509789,
    "eos": 0.23830875194562046
  },
  "concat v=0.5 m=1.0": {
    "acc": 0.7592705167173252,
    "mf1": 0.6149476398080089,
    "eos": 0.23772531726377935
  },
  "concat v=0.5 m=2.0": {
    "acc": 0.7595744680851064,
    "mf1": 0.6152352694843742,
    "eos": 0.2380298703321515
  },
  "concat v=0.5 m=3.0": {
    "acc": 0.7594224924012158,
    "mf1": 0.6151128554678915,
    "eos": 0.2380298703321515
  },
  "concat v=0.5 m=5.0": {
    "acc": 0.7595744680851064,
    "mf1": 0.615439857315165,
    "eos": 0.23914052995561078
  },
  "concat v=1.0 m=1.0": {
    "acc": 0.759726443768997,
    "mf1": 0.6159232671273781,
    "eos": 0.23873224490651584
  },
  "concat v=1.0 m=2.0": {
    "acc": 0.7592705167173252,
    "mf1": 0.6149476398080089,
    "eos": 0.23772531726377935
  },
  "concat v=1.0 m=3.0": {
    "acc": 0.7595744680851064,
    "mf1": 0.6152064854249637,
    "eos": 0.23824575979674562
  },
  "concat v=1.0 m=5.0": {
    "acc": 0.7594224924012158,
    "mf1": 0.6151128554678915,
    "eos": 0.2380298703321515
  },
  "concat v=1.5 m=1.0": {
    "acc": 0.7612462006079028,
    "mf1": 0.6178153606511578,
    "eos": 0.2400166720548726
  },
  "concat v=1.5 m=2.0": {
    "acc": 0.7594224924012158,
    "mf1": 0.6152194929770513,
    "eos": 0.2375155432204108
  },
  "concat v=1.5 m=3.0": {
    "acc": 0.7592705167173252,
    "mf1": 0.6149476398080089,
    "eos": 0.23772531726377935
  },
  "concat v=1.5 m=5.0": {
    "acc": 0.7595744680851064,
    "mf1": 0.6152352694843742,
    "eos": 0.2380298703321515
  }
}