{
  "proto+max a=0.3": {
    "acc": 0.7864741641337385,
    "mf1": 0.6576053084570784,
    "eos": 0.26553548814018385
  },
  "proto+max a=0.4": {
    "acc": 0.7940729483282676,
    "mf1": 0.6670541474127386,
    "eos": 0.2724324698369857
  },
  "proto+max a=0.5": {
    "acc": 0.7990881458966566,
    "mf1": 0.6753209329449887,
    "eos": 0.28348525487672305
  },
  "proto+max a=0.6": {
    "acc": 0.8,
    "mf1": 0.6773029712275092,
    "eos": 0.27787976971578165
  },
  "proto+max a=0.7": {
    "acc": 0.7981762917933131,
    "mf1": 0.6753699760272249,
    "eos": 0.2662532506207078
  },
  "topk_mean k=2": {
    "acc": 0.7933130699088146,
    "mf1": 0.6497340512319315,
    "eos": 0.2597398670934702
  },
  "topk_mean k=3": {
    "acc": 0.8063829787234044,
    "mf1": 0.6570564387183276,
    "eos": 0.25122419818966507
  },
  "topk_mean k=4": {
    "acc": 0.8156534954407295,
    "mf1": 0.6697054163681205,
    "eos": 0.2724448543303087
  },
  "topk_mean k=5": {
    "acc": 0.8202127659574469,
    "mf1": 0.6717053639982227,
    "eos": 0.26917162176742127
  },
  "morph_tie m=0.002": {
    "acc": 0.8037993920972644,
    "mf1": 0.6800488465043534,
    "eos": 0.2890514598715972
  },
  "morph_tie m=0.005": {
    "acc": 0.8083586626139818,
    "mf1": 0.6845928467871192,
    "eos": 0.2957047228782535
  },
  "morph_tie m=0.010": {
    "acc": 0.8089665653495441,
    "mf1": 0.6852580031451142,
    "eos": 0.2959767207022709
  },
  "morph_tie m=0.015": {
    "acc": 0.8089665653495441,
    "mf1": 0.6852580031451142,
    "eos": 0.2959767207022709
  },
  "morph_tie m=0.020": {
    "acc": 0.8089665653495441,
    "mf1": 0.6852580031451142,
    "eos": 0.2959767207022709
  },
  "class_adaptive_k": {
    "acc": 0.8250759878419454,
    "mf1": 0.6572651817434625,
    "eos": 0.22682833886717382
  },
  "ensemble p=0.2 m=0.3 t=0.5": {
    "acc": 0.8098784194528875,
    "mf1": 0.676439573039276,
    "eos": 0.290778715134432
  },
  "ensemble p=0.3 m=0.3 t=0.4": {
    "acc": 0.8106382978723403,
    "mf1": 0.6793289692828122,
    "eos": 0.2869192379872966
  },
  "ensemble p=0.3 m=0.4 t=0.3": {
    "acc": 0.8063829787234041,
    "mf1": 0.6756266850797754,
    "eos": 0.28491826070136217
  },
  "ensemble p=0.2 m=0.4 t=0.4": {
    "acc": 0.8057750759878418,
    "mf1": 0.6736753428875297,
    "eos": 0.28934987987790584
  },
  "ensemble p=0.1 m=0.4 t=0.5": {
    "acc": 0.8024316109422494,
    "mf1": 0.6678050909170737,
    "eos": 0.28874556095117654
  },
  "ensemble p=0.4 m=0.3 t=0.3": {
    "acc": 0.8101823708206688,
    "mf1": 0.6822418240238444,
    "eos": 0.291826567032244
  },
  "ensemble p=0.2 m=0.2 t=0.6": {
    "acc": 0.8109422492401215,
    "mf1": 0.6743532388789651,
    "eos": 0.2836152222453041
  },
  "ensemble p=0.1 m=0.3 t=0.6": {
    "acc": 0.8051671732522797,
    "mf1": 0.6683898136252362,
    "eos": 0.2840786581839213
  },
  "ensemble p=0.0 m=0.3 t=0.7": {
    "acc": 0.801063829787234,
    "mf1": 0.659669939145689,
    "eos": 0.27489828826135165
  },
  "ensemble p=0.0 m=0.4 t=0.6": {
    "acc": 0.7955927051671733,
    "mf1": 0.6540491202583161,
    "eos": 0.26764135847875103
  },
  "ensemble p=0.0 m=0.5 t=0.5": {
    "acc": 0.7924012158054711,
    "mf1": 0.6530273222834678,
    "eos": 0.2664472020230624
  },
  "AUG proto+max a=0.5": {
    "acc": 0.7981762917933131,
    "mf1": 0.6726039026101389,
    "eos": 0.27136244825865596
  },
  "AUG topk k=3": {
    "acc": 0.8168693009118542,
    "mf1": 0.6689490254130832,
    "eos": 0.25821920095619516
  },
  "AUG ensemble 0.2/0.4/0.4": {
    "acc": 0.809726443768997,
    "mf1": 0.6748233712266026,
    "eos": 0.275972506781134
  }
}