{
  "A: proto (random)": {
    "acc_mean": 0.7849544072948328,
    "mf1_mean": 0.6608020910338002,
    "eos_f1_mean": 0.24236363022313262,
    "acc_std": 0.020837855928270654,
    "mf1_std": 0.03052794056220378
  },
  "B: proto (diverse)": {
    "acc_mean": 0.6079027355623101,
    "mf1_mean": 0.4710784157153324,
    "eos_f1_mean": 0.1783487610595462,
    "acc_std": 0.05020490897264107,
    "mf1_std": 0.0424397182064958
  },
  "C: kNN k=6": {
    "acc_mean": 0.8022796352583587,
    "mf1_mean": 0.6447832480589444,
    "eos_f1_mean": 0.23028002022434277,
    "acc_std": 0.03131731762283592,
    "mf1_std": 0.024616780034106465
  },
  "D: kNN k=4": {
    "acc_mean": 0.7943768996960486,
    "mf1_mean": 0.6428982886782625,
    "eos_f1_mean": 0.23867338188599393,
    "acc_std": 0.023790869840217672,
    "mf1_std": 0.022295299600104353
  },
  "E: kNN k=8": {
    "acc_mean": 0.8048632218844984,
    "mf1_mean": 0.6442080280767047,
    "eos_f1_mean": 0.21632063021820516,
    "acc_std": 0.026161897792619227,
    "mf1_std": 0.025318126517451446
  },
  "F: kNN k=6 eos_w=2": {
    "acc_mean": 0.7285714285714285,
    "mf1_mean": 0.6033130438393018,
    "eos_f1_mean": 0.21314856880086772,
    "acc_std": 0.05702511636380472,
    "mf1_std": 0.0418344663201694
  },
  "G: kNN k=6 eos_w=3": {
    "acc_mean": 0.6656534954407295,
    "mf1_mean": 0.5566189690387778,
    "eos_f1_mean": 0.20289687824506508,
    "acc_std": 0.0874197106978604,
    "mf1_std": 0.08439474818648625
  },
  "H: proto+morph(0.02)": {
    "acc_mean": 0.7857142857142858,
    "mf1_mean": 0.661506259483146,
    "eos_f1_mean": 0.24354070049191998,
    "acc_std": 0.021249439899862547,
    "mf1_std": 0.03081004989394779
  },
  "I: adaptive kNN k=3": {
    "acc_mean": 0.8063829787234044,
    "mf1_mean": 0.6570564387183276,
    "eos_f1_mean": 0.25122419818966507,
    "acc_std": 0.027813626245031933,
    "mf1_std": 0.022099024436674566
  },
  "J: adaptive kNN k=5": {
    "acc_mean": 0.8202127659574469,
    "mf1_mean": 0.6717053639982227,
    "eos_f1_mean": 0.26917162176742127,
    "acc_std": 0.025131650480562623,
    "mf1_std": 0.02252049250070256
  },
  "K: adaptive k=3 eos=2": {
    "acc_mean": 0.044072948328267476,
    "mf1_mean": 0.02110625909752547,
    "eos_f1_mean": 0.08442503639010188,
    "acc_std": 0.0,
    "mf1_std": 0.0
  },
  "L: adaptive k=5 eos=2": {
    "acc_mean": 0.044072948328267476,
    "mf1_mean": 0.02110625909752547,
    "eos_f1_mean": 0.08442503639010188,
    "acc_std": 0.0,
    "mf1_std": 0.0
  },
  "M: proto+adaptive": {
    "acc_mean": 0.7990881458966566,
    "mf1_mean": 0.6753209329449887,
    "eos_f1_mean": 0.28348525487672305,
    "acc_std": 0.009570848932421753,
    "mf1_std": 0.017862664268826142
  },
  "N: proto+adaptive+morph": {
    "acc_mean": 0.7993920972644377,
    "mf1_mean": 0.6756203440044881,
    "eos_f1_mean": 0.2838808517119483,
    "acc_std": 0.01010381163440406,
    "mf1_std": 0.018382472451819325
  }
}