{
  "dual v=0.55 m=0.45 k=4": {
    "acc": 0.8357142857142857,
    "mf1": 0.6969123807124309
  },
  "dual v=0.55 m=0.45 k=5": {
    "acc": 0.8466565349544073,
    "mf1": 0.7077345800473902
  },
  "dual v=0.55 m=0.45 k=6": {
    "acc": 0.8515197568389057,
    "mf1": 0.7102022716822473
  },
  "dual v=0.55 m=0.45 k=7": {
    "acc": 0.8544072948328267,
    "mf1": 0.7096987088799336
  },
  "dual v=0.60 m=0.40 k=4": {
    "acc": 0.8387537993920973,
    "mf1": 0.6994037897607376
  },
  "dual v=0.60 m=0.40 k=5": {
    "acc": 0.846048632218845,
    "mf1": 0.7052763839122398
  },
  "dual v=0.60 m=0.40 k=6": {
    "acc": 0.8501519756838907,
    "mf1": 0.7075495067040684
  },
  "dual v=0.60 m=0.40 k=7": {
    "acc": 0.8541033434650457,
    "mf1": 0.7112884802854588
  },
  "dual v=0.65 m=0.35 k=4": {
    "acc": 0.8390577507598783,
    "mf1": 0.6984067914259716
  },
  "dual v=0.65 m=0.35 k=5": {
    "acc": 0.8457446808510637,
    "mf1": 0.7035853503749823
  },
  "dual v=0.65 m=0.35 k=6": {
    "acc": 0.8506079027355623,
    "mf1": 0.7073852471994764
  },
  "dual v=0.65 m=0.35 k=7": {
    "acc": 0.8548632218844985,
    "mf1": 0.7113788166616188
  },
  "dual v=0.70 m=0.30 k=4": {
    "acc": 0.8407294832826748,
    "mf1": 0.6993981475858672
  },
  "dual v=0.70 m=0.30 k=5": {
    "acc": 0.846048632218845,
    "mf1": 0.7046606976114076
  },
  "dual v=0.70 m=0.30 k=6": {
    "acc": 0.8498480243161094,
    "mf1": 0.7066030385740625
  },
  "dual v=0.70 m=0.30 k=7": {
    "acc": 0.852887537993921,
    "mf1": 0.7061042861899308
  },
  "dual+color_boost": {
    "acc": 0.8358662613981762,
    "mf1": 0.6978772524848329
  },
  "dual+strong_color": {
    "acc": 0.8329787234042554,
    "mf1": 0.6941395196660546
  },
  "dual+sep_boost": {
    "acc": 0.844224924012158,
    "mf1": 0.7048739420376451
  },
  "eos_cascade thr=0.005": {
    "acc": 0.8224924012158056,
    "mf1": 0.6778218024345234
  },
  "eos_cascade thr=0.010": {
    "acc": 0.8243161094224923,
    "mf1": 0.6814293156414613
  },
  "eos_cascade thr=0.015": {
    "acc": 0.8229483282674771,
    "mf1": 0.6774268635798407
  },
  "eos_cascade thr=0.020": {
    "acc": 0.8224924012158054,
    "mf1": 0.676461279116116
  },
  "eos_cascade thr=0.030": {
    "acc": 0.8224924012158056,
    "mf1": 0.6754940448730754
  },
  "eos_boost b=1.2": {
    "acc": 0.8620060790273556,
    "mf1": 0.631838441419443
  },
  "eos_boost b=1.5": {
    "acc": 0.8610942249240121,
    "mf1": 0.6214240235491348
  },
  "eos_boost b=2.0": {
    "acc": 0.8610942249240121,
    "mf1": 0.6214240235491348
  },
  "eos_boost b=2.5": {
    "acc": 0.8610942249240121,
    "mf1": 0.6214240235491348
  },
  "eos_boost b=3.0": {
    "acc": 0.8610942249240121,
    "mf1": 0.6214240235491348
  }
}