{
  "text_calib tw=0.05": {
    "acc": 0.7872340425531915,
    "mf1": 0.6623743710670303,
    "eos": 0.2433262411658778
  },
  "text_calib tw=0.10": {
    "acc": 0.7876899696048631,
    "mf1": 0.6601359260870687,
    "eos": 0.23926512331030603
  },
  "text_calib tw=0.15": {
    "acc": 0.7832826747720365,
    "mf1": 0.6527936041001924,
    "eos": 0.2253801520300081
  },
  "text_calib tw=0.20": {
    "acc": 0.7810030395136778,
    "mf1": 0.6504739537519446,
    "eos": 0.22978398116414644
  },
  "text_calib tw=0.25": {
    "acc": 0.7717325227963526,
    "mf1": 0.6404528268566202,
    "eos": 0.22232630720912896
  },
  "text_calib tw=0.30": {
    "acc": 0.7542553191489361,
    "mf1": 0.6254182971291474,
    "eos": 0.21075636183612367
  },
  "mixup n=5": {
    "acc": 0.8121580547112461,
    "mf1": 0.6711266127828828,
    "eos": 0.2657790355486692
  },
  "mixup n=10": {
    "acc": 0.8069908814589665,
    "mf1": 0.652377295207365,
    "eos": 0.23233451266533806
  },
  "mixup n=20": {
    "acc": 0.782370820668693,
    "mf1": 0.6498255294815718,
    "eos": 0.25772867349563455
  },
  "transduct i=1 a=0.5": {
    "acc": 0.7990881458966566,
    "mf1": 0.6753209329449887,
    "eos": 0.28348525487672305
  },
  "transduct i=1 a=0.7": {
    "acc": 0.7990881458966566,
    "mf1": 0.6753209329449887,
    "eos": 0.28348525487672305
  },
  "transduct i=1 a=0.9": {
    "acc": 0.7990881458966566,
    "mf1": 0.6753209329449887,
    "eos": 0.28348525487672305
  },
  "transduct i=2 a=0.5": {
    "acc": 0.7990881458966566,
    "mf1": 0.6753209329449887,
    "eos": 0.28348525487672305
  },
  "transduct i=2 a=0.7": {
    "acc": 0.7990881458966566,
    "mf1": 0.6753209329449887,
    "eos": 0.28348525487672305
  },
  "transduct i=2 a=0.9": {
    "acc": 0.7990881458966566,
    "mf1": 0.6753209329449887,
    "eos": 0.28348525487672305
  },
  "transduct i=3 a=0.5": {
    "acc": 0.7990881458966566,
    "mf1": 0.6753209329449887,
    "eos": 0.28348525487672305
  },
  "transduct i=3 a=0.7": {
    "acc": 0.7990881458966566,
    "mf1": 0.6753209329449887,
    "eos": 0.28348525487672305
  },
  "transduct i=3 a=0.9": {
    "acc": 0.7990881458966566,
    "mf1": 0.6753209329449887,
    "eos": 0.28348525487672305
  },
  "transduct i=5 a=0.5": {
    "acc": 0.7990881458966566,
    "mf1": 0.6753209329449887,
    "eos": 0.28348525487672305
  },
  "transduct i=5 a=0.7": {
    "acc": 0.7990881458966566,
    "mf1": 0.6753209329449887,
    "eos": 0.28348525487672305
  },
  "transduct i=5 a=0.9": {
    "acc": 0.7990881458966566,
    "mf1": 0.6753209329449887,
    "eos": 0.28348525487672305
  },
  "temp_scale #0": {
    "acc": 0.5486322188449848,
    "mf1": 0.17713444553483806,
    "eos": 0.0
  },
  "temp_scale #1": {
    "acc": 0.7990881458966566,
    "mf1": 0.6753209329449887,
    "eos": 0.28348525487672305
  },
  "temp_scale #2": {
    "acc": 0.044072948328267476,
    "mf1": 0.02110625909752547,
    "eos": 0.08442503639010188
  },
  "temp_scale #3": {
    "acc": 0.044072948328267476,
    "mf1": 0.02110625909752547,
    "eos": 0.08442503639010188
  },
  "temp_scale #4": {
    "acc": 0.5486322188449848,
    "mf1": 0.17713444553483806,
    "eos": 0.0
  },
  "temp_scale #5": {
    "acc": 0.044072948328267476,
    "mf1": 0.02110625909752547,
    "eos": 0.08442503639010188
  },
  "morph_knn mw=0.05 k=3": {
    "acc": 0.8080547112462007,
    "mf1": 0.663138158925445,
    "eos": 0.25601596480325794
  },
  "morph_knn mw=0.05 k=5": {
    "acc": 0.8220364741641338,
    "mf1": 0.6760114161784692,
    "eos": 0.271618238193602
  },
  "morph_knn mw=0.10 k=3": {
    "acc": 0.7987841945288754,
    "mf1": 0.6566409000419384,
    "eos": 0.2435168617309539
  },
  "morph_knn mw=0.10 k=5": {
    "acc": 0.8182370820668693,
    "mf1": 0.6791652747472366,
    "eos": 0.2693754680367584
  },
  "morph_knn mw=0.15 k=3": {
    "acc": 0.7867781155015198,
    "mf1": 0.6513436677444051,
    "eos": 0.23557770644163895
  },
  "morph_knn mw=0.15 k=5": {
    "acc": 0.806838905775076,
    "mf1": 0.6735987598332872,
    "eos": 0.2622465679420126
  },
  "morph_knn mw=0.20 k=3": {
    "acc": 0.7706686930091186,
    "mf1": 0.6430166548441129,
    "eos": 0.22626481944294702
  },
  "morph_knn mw=0.20 k=5": {
    "acc": 0.7955927051671733,
    "mf1": 0.6657836143587409,
    "eos": 0.24836950256504586
  },
  "proto_rect": {
    "acc": 0.7930091185410334,
    "mf1": 0.665039898763952,
    "eos": 0.26958493223042324
  },
  "dw_proto g=1": {
    "acc": 0.7983282674772036,
    "mf1": 0.674008867451148,
    "eos": 0.2807575427640376
  },
  "dw_proto g=2": {
    "acc": 0.7968085106382979,
    "mf1": 0.6721973548001425,
    "eos": 0.27914521134184145
  },
  "dw_proto g=3": {
    "acc": 0.7968085106382978,
    "mf1": 0.6722875400087334,
    "eos": 0.27903756953280845
  },
  "dw_proto g=5": {
    "acc": 0.7951367781155014,
    "mf1": 0.6699292622270543,
    "eos": 0.2760656886681323
  },
  "combined tw=0.05": {
    "acc": 0.8103343465045592,
    "mf1": 0.6850951672814706,
    "eos": 0.2934015061756654
  },
  "combined tw=0.10": {
    "acc": 0.8113981762917932,
    "mf1": 0.685509282186836,
    "eos": 0.2927925438950284
  },
  "combined tw=0.15": {
    "acc": 0.8120060790273556,
    "mf1": 0.6848567285149546,
    "eos": 0.2913567720776086
  }
}