{
  "trans:i1_k3_c0.015": {
    "acc": 0.8595744680851064,
    "mf1": 0.7293338325212009,
    "per_class": {
      "3": 0.34765159211289587,
      "4": 0.755544078900116,
      "5": 0.9218595308223098,
      "6": 0.8922801282494822
    }
  },
  "trans:i1_k3_c0.02": {
    "acc": 0.8595744680851064,
    "mf1": 0.7292222891674571,
    "per_class": {
      "3": 0.3486313141452495,
      "4": 0.7545300023834335,
      "5": 0.9218899632310349,
      "6": 0.8918378769101111
    }
  },
  "trans:i1_k3_c0.025": {
    "acc": 0.8594224924012158,
    "mf1": 0.7300276522591856,
    "per_class": {
      "3": 0.35102580678390466,
      "4": 0.7556883119121803,
      "5": 0.9215586134305467,
      "6": 0.8918378769101111
    }
  },
  "trans:i1_k3_c0.03": {
    "acc": 0.8592705167173251,
    "mf1": 0.7298006595809194,
    "per_class": {
      "3": 0.3502624480052787,
      "4": 0.7556883119121803,
      "5": 0.9214140014961079,
      "6": 0.8918378769101111
    }
  },
  "trans:i1_k5_c0.015": {
    "acc": 0.8600303951367781,
    "mf1": 0.730191956161077,
    "per_class": {
      "3": 0.34923355655772265,
      "4": 0.7573621286362819,
      "5": 0.9216050362916345,
      "6": 0.8925671031586688
    }
  },
  "trans:i1_k5_c0.02": {
    "acc": 0.8603343465045592,
    "mf1": 0.730531096493832,
    "per_class": {
      "3": 0.3502305809423113,
      "4": 0.7578514554751855,
      "5": 0.9219174977385329,
      "6": 0.8921248518192979
    }
  },
  "trans:i1_k5_c0.025": {
    "acc": 0.8595744680851064,
    "mf1": 0.729386368330994,
    "per_class": {
      "3": 0.3482178703831063,
      "4": 0.7560014254751097,
      "5": 0.9217158492149157,
      "6": 0.8916103282508443
    }
  },
  "trans:i1_k5_c0.03": {
    "acc": 0.8592705167173251,
    "mf1": 0.7288606570515515,
    "per_class": {
      "3": 0.34572745460026766,
      "4": 0.7565832252600968,
      "5": 0.9215712372804769,
      "6": 0.8915607110653643
    }
  },
  "trans:i1_k10_c0.015": {
    "acc": 0.8592705167173251,
    "mf1": 0.7287301040140648,
    "per_class": {
      "3": 0.3476569751840796,
      "4": 0.7551771885198029,
      "5": 0.9213937067730349,
      "6": 0.8906925455793415
    }
  },
  "trans:i1_k10_c0.02": {
    "acc": 0.8589665653495441,
    "mf1": 0.728217262523008,
    "per_class": {
      "3": 0.3476880701410606,
      "4": 0.7534965162508953,
      "5": 0.9209284200314993,
      "6": 0.8907560436685769
    }
  },
  "trans:i1_k10_c0.025": {
    "acc": 0.8589665653495441,
    "mf1": 0.7287098797616887,
    "per_class": {
      "3": 0.34844515236931806,
      "4": 0.7546647702191492,
      "5": 0.920761612847912,
      "6": 0.8909679836103755
    }
  },
  "trans:i1_k10_c0.03": {
    "acc": 0.8583586626139817,
    "mf1": 0.7277214944674822,
    "per_class": {
      "3": 0.34690669083085657,
      "4": 0.7534965162508953,
      "5": 0.9204647077220975,
      "6": 0.8900180630660799
    }
  },
  "trans:i2_k3_c0.015": {
    "acc": 0.8595744680851064,
    "mf1": 0.7293338325212009,
    "per_class": {
      "3": 0.34765159211289587,
      "4": 0.755544078900116,
      "5": 0.9218595308223098,
      "6": 0.8922801282494822
    }
  },
  "trans:i2_k3_c0.02": {
    "acc": 0.8595744680851064,
    "mf1": 0.7292222891674571,
    "per_class": {
      "3": 0.3486313141452495,
      "4": 0.7545300023834335,
      "5": 0.9218899632310349,
      "6": 0.8918378769101111
    }
  },
  "trans:i2_k3_c0.025": {
    "acc": 0.8594224924012158,
    "mf1": 0.7300276522591856,
    "per_class": {
      "3": 0.35102580678390466,
      "4": 0.7556883119121803,
      "5": 0.9215586134305467,
      "6": 0.8918378769101111
    }
  },
  "trans:i2_k3_c0.03": {
    "acc": 0.8592705167173251,
    "mf1": 0.7298006595809194,
    "per_class": {
      "3": 0.3502624480052787,
      "4": 0.7556883119121803,
      "5": 0.9214140014961079,
      "6": 0.8918378769101111
    }
  },
  "trans:i2_k5_c0.015": {
    "acc": 0.8600303951367781,
    "mf1": 0.730191956161077,
    "per_class": {
      "3": 0.34923355655772265,
      "4": 0.7573621286362819,
      "5": 0.9216050362916345,
      "6": 0.8925671031586688
    }
  },
  "trans:i2_k5_c0.02": {
    "acc": 0.8601823708206686,
    "mf1": 0.7303782018810964,
    "per_class": {
      "3": 0.3495629827432739,
      "4": 0.7578514554751855,
      "5": 0.9217526588769303,
      "6": 0.8923457104289957
    }
  },
  "trans:i2_k5_c0.025": {
    "acc": 0.8595744680851064,
    "mf1": 0.729386368330994,
    "per_class": {
      "3": 0.3482178703831063,
      "4": 0.7560014254751097,
      "5": 0.9217158492149157,
      "6": 0.8916103282508443
    }
  },
  "trans:i2_k5_c0.03": {
    "acc": 0.8592705167173251,
    "mf1": 0.7288606570515515,
    "per_class": {
      "3": 0.34572745460026766,
      "4": 0.7565832252600968,
      "5": 0.9215712372804769,
      "6": 0.8915607110653643
    }
  },
  "trans:i2_k10_c0.015": {
    "acc": 0.8592705167173251,
    "mf1": 0.7287301040140648,
    "per_class": {
      "3": 0.3476569751840796,
      "4": 0.7551771885198029,
      "5": 0.9213937067730349,
      "6": 0.8906925455793415
    }
  },
  "trans:i2_k10_c0.02": {
    "acc": 0.8589665653495441,
    "mf1": 0.7282993490225197,
    "per_class": {
      "3": 0.34734982038688167,
      "4": 0.7541631120031204,
      "5": 0.9209284200314993,
      "6": 0.8907560436685769
    }
  },
  "trans:i2_k10_c0.025": {
    "acc": 0.8589665653495441,
    "mf1": 0.7287098797616887,
    "per_class": {
      "3": 0.34844515236931806,
      "4": 0.7546647702191492,
      "5": 0.920761612847912,
      "6": 0.8909679836103755
    }
  },
  "trans:i2_k10_c0.03": {
    "acc": 0.8583586626139817,
    "mf1": 0.7277214944674822,
    "per_class": {
      "3": 0.34690669083085657,
      "4": 0.7534965162508953,
      "5": 0.9204647077220975,
      "6": 0.8900180630660799
    }
  },
  "trans:i3_k3_c0.015": {
    "acc": 0.8595744680851064,
    "mf1": 0.7293338325212009,
    "per_class": {
      "3": 0.34765159211289587,
      "4": 0.755544078900116,
      "5": 0.9218595308223098,
      "6": 0.8922801282494822
    }
  },
  "trans:i3_k3_c0.02": {
    "acc": 0.8595744680851064,
    "mf1": 0.7292222891674571,
    "per_class": {
      "3": 0.3486313141452495,
      "4": 0.7545300023834335,
      "5": 0.9218899632310349,
      "6": 0.8918378769101111
    }
  },
  "trans:i3_k3_c0.025": {
    "acc": 0.8594224924012158,
    "mf1": 0.7300276522591856,
    "per_class": {
      "3": 0.35102580678390466,
      "4": 0.7556883119121803,
      "5": 0.9215586134305467,
      "6": 0.8918378769101111
    }
  },
  "trans:i3_k3_c0.03": {
    "acc": 0.8592705167173251,
    "mf1": 0.7298006595809194,
    "per_class": {
      "3": 0.3502624480052787,
      "4": 0.7556883119121803,
      "5": 0.9214140014961079,
      "6": 0.8918378769101111
    }
  },
  "trans:i3_k5_c0.015": {
    "acc": 0.8600303951367781,
    "mf1": 0.730191956161077,
    "per_class": {
      "3": 0.34923355655772265,
      "4": 0.7573621286362819,
      "5": 0.9216050362916345,
      "6": 0.8925671031586688
    }
  },
  "trans:i3_k5_c0.02": {
    "acc": 0.8601823708206686,
    "mf1": 0.7303782018810964,
    "per_class": {
      "3": 0.3495629827432739,
      "4": 0.7578514554751855,
      "5": 0.9217526588769303,
      "6": 0.8923457104289957
    }
  },
  "trans:i3_k5_c0.025": {
    "acc": 0.8595744680851064,
    "mf1": 0.729386368330994,
    "per_class": {
      "3": 0.3482178703831063,
      "4": 0.7560014254751097,
      "5": 0.9217158492149157,
      "6": 0.8916103282508443
    }
  },
  "trans:i3_k5_c0.03": {
    "acc": 0.8592705167173251,
    "mf1": 0.7288606570515515,
    "per_class": {
      "3": 0.34572745460026766,
      "4": 0.7565832252600968,
      "5": 0.9215712372804769,
      "6": 0.8915607110653643
    }
  },
  "trans:i3_k10_c0.015": {
    "acc": 0.8592705167173251,
    "mf1": 0.7287301040140648,
    "per_class": {
      "3": 0.3476569751840796,
      "4": 0.7551771885198029,
      "5": 0.9213937067730349,
      "6": 0.8906925455793415
    }
  },