{
  "biomedclip:proto": {
    "acc": 0.7849544072948328,
    "mf1": 0.6608020910338002,
    "per_class": {
      "3": 0.24236363022313262,
      "4": 0.724304896386348,
      "5": 0.893438784326754,
      "6": 0.7831010531989662
    }
  },
  "biomedclip:tip_b5_a0.5": {
    "acc": 0.8293313069908814,
    "mf1": 0.6777764295688877,
    "per_class": {
      "3": 0.25047611433878714,
      "4": 0.7313805583531904,
      "5": 0.9111223658848138,
      "6": 0.8181266796987596
    }
  },
  "biomedclip:tip_b10_a0.5": {
    "acc": 0.8267477203647416,
    "mf1": 0.6785654076363901,
    "per_class": {
      "3": 0.2648332680742548,
      "4": 0.7201121671044258,
      "5": 0.9115768912127054,
      "6": 0.8177393041541741
    }
  },
  "biomedclip:tip_b20_a0.5": {
    "acc": 0.8217325227963526,
    "mf1": 0.6827009945249953,
    "per_class": {
      "3": 0.27898416384226554,
      "4": 0.7233982056969172,
      "5": 0.9107748710692709,
      "6": 0.8176467374915276
    }
  },
  "biomedclip:tip_b5_a0.3": {
    "acc": 0.8293313069908814,
    "mf1": 0.677169516857055,
    "per_class": {
      "3": 0.2488856516956929,
      "4": 0.7309651043784143,
      "5": 0.9110238954058845,
      "6": 0.8178034159482284
    }
  },
  "biomedclip:tip_b10_a0.3": {
    "acc": 0.8261398176291793,
    "mf1": 0.6772434534998876,
    "per_class": {
      "3": 0.2657045366798101,
      "4": 0.715650729483958,
      "5": 0.9109254885572223,
      "6": 0.8166930592785597
    }
  },
  "biomedclip:dual_v65m35k7": {
    "acc": 0.8548632218844985,
    "mf1": 0.7113788166616188,
    "per_class": {
      "3": 0.3072003024488047,
      "4": 0.7428278948428687,
      "5": 0.9255381729061323,
      "6": 0.8699488964486694
    }
  },
  "biomedclip:dual_v60m40k5": {
    "acc": 0.846048632218845,
    "mf1": 0.7052763839122398,
    "per_class": {
      "3": 0.30496014930379056,
      "4": 0.7255202362899522,
      "5": 0.9239241172625242,
      "6": 0.8667010327926923
    }
  },
  "biomedclip:dual_v55m45k5": {
    "acc": 0.8466565349544073,
    "mf1": 0.7077345800473902,
    "per_class": {
      "3": 0.3099666940085327,
      "4": 0.7265570350011977,
      "5": 0.923092780256759,
      "6": 0.8713218109230715
    }
  },
  "biomedclip:tip_morph_b5": {
    "acc": 0.8322188449848025,
    "mf1": 0.6812134613920919,
    "per_class": {
      "3": 0.2557076932535568,
      "4": 0.7325448770576177,
      "5": 0.9130516890936246,
      "6": 0.8235495861635688
    }
  },
  "biomedclip:tip_morph_b10": {
    "acc": 0.83419452887538,
    "mf1": 0.6890736780762632,
    "per_class": {
      "3": 0.2807659162228425,
      "4": 0.7317161195504972,
      "5": 0.9156999858817432,
      "6": 0.8281126906499697
    }
  },
  "biomedclip:tip_morph_b10a4m2": {
    "acc": 0.8319148936170212,
    "mf1": 0.6864221507563079,
    "per_class": {
      "3": 0.2784361655614218,
      "4": 0.7273241260042329,
      "5": 0.9151960628831055,
      "6": 0.8247322485764709
    }
  }
}